<ImportExportXml version="9.2.25033.174" SolutionPackageVersion="9.2" languagecode="1046" generatedBy="CrmLive" xmlns:xsi="http://www.w3.org/2001/XMLSchema-instance" OrganizationVersion="9.2.25033.174" OrganizationSchemaType="Standard" CRMServerServiceabilityVersion="9.2.25033.00174">
  <SolutionManifest>
    <UniqueName>DIOCursos</UniqueName>
    <LocalizedNames>
      <LocalizedName description="DIO Gestão de Cursos" languagecode="1046" />
    </LocalizedNames>
    <Descriptions />
    <Version>1.0.0.1</Version>
    <Managed>1</Managed>
    <Publisher>
      <UniqueName>DTZ</UniqueName>
      <LocalizedNames>
        <LocalizedName description="DTZ" languagecode="1046" />
      </LocalizedNames>
      <Descriptions />
      <EMailAddress xsi:nil="true"></EMailAddress>
      <SupportingWebsiteUrl xsi:nil="true"></SupportingWebsiteUrl>
      <CustomizationPrefix>dtz</CustomizationPrefix>
      <CustomizationOptionValuePrefix>78042</CustomizationOptionValuePrefix>
      <Addresses>
        <Address>
          <AddressNumber>1</AddressNumber>
          <AddressTypeCode>1</AddressTypeCode>
          <City xsi:nil="true"></City>
          <County xsi:nil="true"></County>
          <Country xsi:nil="true"></Country>
          <Fax xsi:nil="true"></Fax>
          <FreightTermsCode xsi:nil="true"></FreightTermsCode>
          <ImportSequenceNumber xsi:nil="true"></ImportSequenceNumber>
          <Latitude xsi:nil="true"></Latitude>
          <Line1 xsi:nil="true"></Line1>
          <Line2 xsi:nil="true"></Line2>
          <Line3 xsi:nil="true"></Line3>
          <Longitude xsi:nil="true"></Longitude>
          <Name xsi:nil="true"></Name>
          <PostalCode xsi:nil="true"></PostalCode>
          <PostOfficeBox xsi:nil="true"></PostOfficeBox>
          <PrimaryContactName xsi:nil="true"></PrimaryContactName>
          <ShippingMethodCode>1</ShippingMethodCode>
          <StateOrProvince xsi:nil="true"></StateOrProvince>
          <Telephone1 xsi:nil="true"></Telephone1>
          <Telephone2 xsi:nil="true"></Telephone2>
          <Telephone3 xsi:nil="true"></Telephone3>
          <TimeZoneRuleVersionNumber xsi:nil="true"></TimeZoneRuleVersionNumber>
          <UPSZone xsi:nil="true"></UPSZone>
          <UTCOffset xsi:nil="true"></UTCOffset>
          <UTCConversionTimeZoneCode xsi:nil="true"></UTCConversionTimeZoneCode>
        </Address>
        <Address>
          <AddressNumber>2</AddressNumber>
          <AddressTypeCode>1</AddressTypeCode>
          <City xsi:nil="true"></City>
          <County xsi:nil="true"></County>
          <Country xsi:nil="true"></Country>
          <Fax xsi:nil="true"></Fax>
          <FreightTermsCode xsi:nil="true"></FreightTermsCode>
          <ImportSequenceNumber xsi:nil="true"></ImportSequenceNumber>
          <Latitude xsi:nil="true"></Latitude>
          <Line1 xsi:nil="true"></Line1>
          <Line2 xsi:nil="true"></Line2>
          <Line3 xsi:nil="true"></Line3>
          <Longitude xsi:nil="true"></Longitude>
          <Name xsi:nil="true"></Name>
          <PostalCode xsi:nil="true"></PostalCode>
          <PostOfficeBox xsi:nil="true"></PostOfficeBox>
          <PrimaryContactName xsi:nil="true"></PrimaryContactName>
          <ShippingMethodCode>1</ShippingMethodCode>
          <StateOrProvince xsi:nil="true"></StateOrProvince>
          <Telephone1 xsi:nil="true"></Telephone1>
          <Telephone2 xsi:nil="true"></Telephone2>
          <Telephone3 xsi:nil="true"></Telephone3>
          <TimeZoneRuleVersionNumber xsi:nil="true"></TimeZoneRuleVersionNumber>
          <UPSZone xsi:nil="true"></UPSZone>
          <UTCOffset xsi:nil="true"></UTCOffset>
          <UTCConversionTimeZoneCode xsi:nil="true"></UTCConversionTimeZoneCode>
        </Address>
      </Addresses>
    </Publisher>
    <RootComponents>
      <RootComponent type="1" schemaName="account" behavior="0" />
      <RootComponent type="1" schemaName="contact" behavior="0" />
      <RootComponent type="1" schemaName="systemuser" behavior="0" />
      <RootComponent type="62" schemaName="dtz_GestaodeCursos" behavior="0" />
      <RootComponent type="80" schemaName="dtz_GestaodeCursos" behavior="0" />
    </RootComponents>
    <MissingDependencies>
      <MissingDependency>
        <Required type="1" schemaName="adx_externalidentity" displayName="Identidade Externa" solution="PowerPages_RuntimeCore (1.0.2407.1)">
          <package appName="Power Pages Core Package" version="1.0.2501.142">PowerPages_Core (1.0.2501.142)</package>
        </Required>
        <Dependent type="1" schemaName="contact" displayName="Contato" />
      </MissingDependency>
      <MissingDependency>
        <Required type="1" schemaName="adx_invitation" displayName="Invitation" solution="PowerPages_RuntimeCore (1.0.2407.1)">
          <package appName="Power Pages Core Package" version="1.0.2501.142">PowerPages_Core (1.0.2501.142)</package>
        </Required>
        <Dependent type="1" schemaName="account" displayName="Conta" />
      </MissingDependency>
      <MissingDependency>
        <Required type="1" schemaName="adx_invitation" displayName="Invitation" solution="PowerPages_RuntimeCore (1.0.2407.1)">
          <package appName="Power Pages Core Package" version="1.0.2501.142">PowerPages_Core (1.0.2501.142)</package>
        </Required>
        <Dependent type="1" schemaName="contact" displayName="Contato" />
      </MissingDependency>
      <MissingDependency>
        <Required type="1" schemaName="adx_webformsession" displayName="Multistep Form Session" solution="PowerPages_RuntimeCore (1.0.2407.1)">
          <package appName="Power Pages Core Package" version="1.0.2501.142">PowerPages_Core (1.0.2501.142)</package>
        </Required>
        <Dependent type="1" schemaName="contact" displayName="Contato" />
      </MissingDependency>
      <MissingDependency>
        <Required type="1" schemaName="adx_webformsession" displayName="Multistep Form Session" solution="PowerPages_RuntimeCore (1.0.2407.1)">
          <package appName="Power Pages Core Package" version="1.0.2501.142">PowerPages_Core (1.0.2501.142)</package>
        </Required>
        <Dependent type="1" schemaName="systemuser" displayName="Usuário" />
      </MissingDependency>
      <MissingDependency>
        <Required type="1" schemaName="appusersetting" displayName="Configuração do Usuário do Aplicativo Baseado em Modelo" solution="AppModule (9.2.2502.2502222)">
          <package appName="AppModule" version="9.2.2502.2502222">AppModuleSolutionAnchor (9.2.2502.2502222)</package>
        </Required>
        <Dependent type="1" schemaName="systemuser" displayName="Usuário" />
      </MissingDependency>
      <MissingDependency>
        <Required type="1" schemaName="bot" displayName="Copiloto" solution="PowerVirtualAgents (2025.3.1.16657843)">
          <package appName="CCI Bots" version="2025.3.1.16657843">msdynce_CustomerCareIntelligenceBots_Anchor (2025.3.1.16657843)</package>
        </Required>
        <Dependent type="1" schemaName="systemuser" displayName="Usuário" />
      </MissingDependency>
      <MissingDependency>
        <Required type="1" schemaName="componentversion" displayName="Versão do Componente" solution="msdyn_ComponentVersioning (9.1.0.196)">
          <package appName="Component Versioning Package" version="9.1.0.196">ComponentVersioning_Anchor (9.1.0.196)</package>
        </Required>
        <Dependent type="1" schemaName="systemuser" displayName="Usuário" />
      </MissingDependency>
      <MissingDependency>
        <Required type="1" schemaName="msdyn_project" displayName="Plano" solution="msdyn_ProjectServiceCore (1.0.0.87)">
          <package appName="Project Service Core" version="1.0.131.105">msdyn_ProjectServiceCore_Anchor (1.0.131.105)</package>
        </Required>
        <Dependent type="1" schemaName="systemuser" displayName="Usuário" />
      </MissingDependency>
      <MissingDependency>
        <Required type="1" schemaName="msdyn_projectbucket" displayName="Bucket do Projeto" solution="msdyn_ProjectServiceCore (1.0.0.87)">
          <package appName="Project Service Core" version="1.0.131.105">msdyn_ProjectServiceCore_Anchor (1.0.131.105)</package>
        </Required>
        <Dependent type="1" schemaName="systemuser" displayName="Usuário" />
      </MissingDependency>
      <MissingDependency>
        <Required type="1" schemaName="msdyn_projecttask" displayName="Tarefa do Projeto" solution="msdyn_ProjectServiceCore (1.0.0.87)">
          <package appName="Project Service Core" version="1.0.131.105">msdyn_ProjectServiceCore_Anchor (1.0.131.105)</package>
        </Required>
        <Dependent type="1" schemaName="systemuser" displayName="Usuário" />
      </MissingDependency>
      <MissingDependency>
        <Required type="1" schemaName="msdyn_resourceassignment" displayName="Atribuição de Recurso" solution="msdyn_ProjectServiceCore (1.0.0.87)">
          <package appName="Project Service Core" version="1.0.131.105">msdyn_ProjectServiceCore_Anchor (1.0.131.105)</package>
        </Required>
        <Dependent type="1" schemaName="systemuser" displayName="Usuário" />
      </MissingDependency>
      <MissingDependency>
        <Required type="1" schemaName="msdyn_resourcerequest" displayName="Solicitação de Recurso" solution="msdyn_ProjectServiceCore (1.0.0.87)">
          <package appName="Project Service Core" version="1.0.131.105">msdyn_ProjectServiceCore_Anchor (1.0.131.105)</package>
        </Required>
        <Dependent type="1" schemaName="systemuser" displayName="Usuário" />
      </MissingDependency>
      <MissingDependency>
        <Required type="1" schemaName="msdyn_systemuserschedulersetting" displayName="Configuração do Agendador de Usuário do Sistema" solution="MicrosoftDynamicsScheduling (4.0.0.40)">
          <package appName="Project Service Core" version="1.0.131.105">msdyn_ProjectServiceCore_Anchor (1.0.131.105)</package>
        </Required>
        <Dependent type="1" schemaName="systemuser" displayName="Usuário" />
      </MissingDependency>
      <MissingDependency>
        <Required type="1" schemaName="msfp_survey" displayName="Pesquisa do Customer Voice" solution="MicrosoftFormsPro (2.0.0.58)">
          <package appName="Forms Pro" version="2.0.0.58">MicrosoftFormsPro (2.0.0.58)</package>
        </Required>
        <Dependent type="1" schemaName="systemuser" displayName="Usuário" />
      </MissingDependency>
      <MissingDependency>
        <Required type="1" schemaName="msmwt_report" displayName="Report" solution="msmwt_MicrosoftCheckinsCore (5.1.0.0)">
          <package appName="Microsoft Check-ins" version="5.1.0.0">msmwt_MicrosoftCheckins (5.1.0.0)</package>
        </Required>
        <Dependent type="1" schemaName="systemuser" displayName="Usuário" />
      </MissingDependency>
      <MissingDependency>
        <Required type="1" schemaName="msmwt_reportcomment" displayName="Report Comment" solution="msmwt_MicrosoftCheckinsCore (5.1.0.0)">
          <package appName="Microsoft Check-ins" version="5.1.0.0">msmwt_MicrosoftCheckins (5.1.0.0)</package>
        </Required>
        <Dependent type="1" schemaName="systemuser" displayName="Usuário" />
      </MissingDependency>
      <MissingDependency>
        <Required type="1" schemaName="msmwt_reportdefinition" displayName="Report Definition" solution="msmwt_MicrosoftCheckinsCore (5.1.0.0)">
          <package appName="Microsoft Check-ins" version="5.1.0.0">msmwt_MicrosoftCheckins (5.1.0.0)</package>
        </Required>
        <Dependent type="1" schemaName="systemuser" displayName="Usuário" />
      </MissingDependency>
      <MissingDependency>
        <Required type="1" schemaName="msmwt_reportdefinitionresponse" displayName="Report Definition Response" solution="msmwt_MicrosoftCheckinsCore (5.1.0.0)">
          <package appName="Microsoft Check-ins" version="5.1.0.0">msmwt_MicrosoftCheckins (5.1.0.0)</package>
        </Required>
        <Dependent type="1" schemaName="systemuser" displayName="Usuário" />
      </MissingDependency>
      <MissingDependency>
        <Required type="1" schemaName="msmwt_reportdefinitiontile" displayName="Report Definition Tile" solution="msmwt_MicrosoftCheckinsCore (5.1.0.0)">
          <package appName="Microsoft Check-ins" version="5.1.0.0">msmwt_MicrosoftCheckins (5.1.0.0)</package>
        </Required>
        <Dependent type="1" schemaName="systemuser" displayName="Usuário" />
      </MissingDependency>
      <MissingDependency>
        <Required type="1" schemaName="msmwt_reportresponse" displayName="Report Response" solution="msmwt_MicrosoftCheckinsCore (5.1.0.0)">
          <package appName="Microsoft Check-ins" version="5.1.0.0">msmwt_MicrosoftCheckins (5.1.0.0)</package>
        </Required>
        <Dependent type="1" schemaName="systemuser" displayName="Usuário" />
      </MissingDependency>
      <MissingDependency>
        <Required type="1" schemaName="mspp_adplacement" displayName="Posicionamento do Anúncio" solution="PowerPages_Apps (1.0.2501.3)">
          <package appName="Power Pages Core Package" version="1.0.2501.142">PowerPages_Core (1.0.2501.142)</package>
        </Required>
        <Dependent type="1" schemaName="systemuser" displayName="Usuário" />
      </MissingDependency>
      <MissingDependency>
        <Required type="1" schemaName="mspp_columnpermission" displayName="Permissão da Coluna" solution="PowerPages_Apps (1.0.2501.3)">
          <package appName="Power Pages Core Package" version="1.0.2501.142">PowerPages_Core (1.0.2501.142)</package>
        </Required>
        <Dependent type="1" schemaName="systemuser" displayName="Usuário" />
      </MissingDependency>
      <MissingDependency>
        <Required type="1" schemaName="mspp_columnpermissionprofile" displayName="Perfil de Permissão da Coluna" solution="PowerPages_Apps (1.0.2501.3)">
          <package appName="Power Pages Core Package" version="1.0.2501.142">PowerPages_Core (1.0.2501.142)</package>
        </Required>
        <Dependent type="1" schemaName="systemuser" displayName="Usuário" />
      </MissingDependency>
      <MissingDependency>
        <Required type="1" schemaName="mspp_contentsnippet" displayName="Trecho de Conteúdo" solution="PowerPages_Apps (1.0.2501.3)">
          <package appName="Power Pages Core Package" version="1.0.2501.142">PowerPages_Core (1.0.2501.142)</package>
        </Required>
        <Dependent type="1" schemaName="systemuser" displayName="Usuário" />
      </MissingDependency>
      <MissingDependency>
        <Required type="1" schemaName="mspp_entityform" displayName="Formulário Básico" solution="PowerPages_Apps (1.0.2501.3)">
          <package appName="Power Pages Core Package" version="1.0.2501.142">PowerPages_Core (1.0.2501.142)</package>
        </Required>
        <Dependent type="1" schemaName="systemuser" displayName="Usuário" />
      </MissingDependency>
      <MissingDependency>
        <Required type="1" schemaName="mspp_entityformmetadata" displayName="Metadados do Formulário Básico" solution="PowerPages_Apps (1.0.2501.3)">
          <package appName="Power Pages Core Package" version="1.0.2501.142">PowerPages_Core (1.0.2501.142)</package>
        </Required>
        <Dependent type="1" schemaName="systemuser" displayName="Usuário" />
      </MissingDependency>
      <MissingDependency>
        <Required type="1" schemaName="mspp_entitylist" displayName="Lista" solution="PowerPages_Apps (1.0.2501.3)">
          <package appName="Power Pages Core Package" version="1.0.2501.142">PowerPages_Core (1.0.2501.142)</package>
        </Required>
        <Dependent type="1" schemaName="systemuser" displayName="Usuário" />
      </MissingDependency>
      <MissingDependency>
        <Required type="1" schemaName="mspp_entitypermission" displayName="Permissão de Tabela" solution="PowerPages_Apps (1.0.2501.3)">
          <package appName="Power Pages Core Package" version="1.0.2501.142">PowerPages_Core (1.0.2501.142)</package>
        </Required>
        <Dependent type="1" schemaName="systemuser" displayName="Usuário" />
      </MissingDependency>
      <MissingDependency>
        <Required type="1" schemaName="mspp_pagetemplate" displayName="Modelo de Página" solution="PowerPages_Apps (1.0.2501.3)">
          <package appName="Power Pages Core Package" version="1.0.2501.142">PowerPages_Core (1.0.2501.142)</package>
        </Required>
        <Dependent type="1" schemaName="systemuser" displayName="Usuário" />
      </MissingDependency>
      <MissingDependency>
        <Required type="1" schemaName="mspp_pollplacement" displayName="Posicionamento de Votação" solution="PowerPages_Apps (1.0.2501.3)">
          <package appName="Power Pages Core Package" version="1.0.2501.142">PowerPages_Core (1.0.2501.142)</package>
        </Required>
        <Dependent type="1" schemaName="systemuser" displayName="Usuário" />
      </MissingDependency>
      <MissingDependency>
        <Required type="1" schemaName="mspp_publishingstate" displayName="Estado de Publicação" solution="PowerPages_Apps (1.0.2501.3)">
          <package appName="Power Pages Core Package" version="1.0.2501.142">PowerPages_Core (1.0.2501.142)</package>
        </Required>
        <Dependent type="1" schemaName="systemuser" displayName="Usuário" />
      </MissingDependency>
      <MissingDependency>
        <Required type="1" schemaName="mspp_publishingstatetransitionrule" displayName="Regra de Transição de Estado de Publicação" solution="PowerPages_Apps (1.0.2501.3)">
          <package appName="Power Pages Core Package" version="1.0.2501.142">PowerPages_Core (1.0.2501.142)</package>
        </Required>
        <Dependent type="1" schemaName="systemuser" displayName="Usuário" />
      </MissingDependency>
      <MissingDependency>
        <Required type="1" schemaName="mspp_redirect" displayName="Redirecionar" solution="PowerPages_Apps (1.0.2501.3)">
          <package appName="Power Pages Core Package" version="1.0.2501.142">PowerPages_Core (1.0.2501.142)</package>
        </Required>
        <Dependent type="1" schemaName="systemuser" displayName="Usuário" />
      </MissingDependency>
      <MissingDependency>
        <Required type="1" schemaName="mspp_shortcut" displayName="Atalho" solution="PowerPages_Apps (1.0.2501.3)">
          <package appName="Power Pages Core Package" version="1.0.2501.142">PowerPages_Core (1.0.2501.142)</package>
        </Required>
        <Dependent type="1" schemaName="systemuser" displayName="Usuário" />
      </MissingDependency>
      <MissingDependency>
        <Required type="1" schemaName="mspp_sitemarker" displayName="Marcador de Site" solution="PowerPages_Apps (1.0.2501.3)">
          <package appName="Power Pages Core Package" version="1.0.2501.142">PowerPages_Core (1.0.2501.142)</package>
        </Required>
        <Dependent type="1" schemaName="systemuser" displayName="Usuário" />
      </MissingDependency>
      <MissingDependency>
        <Required type="1" schemaName="mspp_sitesetting" displayName="Configuração do Site" solution="PowerPages_Apps (1.0.2501.3)">
          <package appName="Power Pages Core Package" version="1.0.2501.142">PowerPages_Core (1.0.2501.142)</package>
        </Required>
        <Dependent type="1" schemaName="systemuser" displayName="Usuário" />
      </MissingDependency>
      <MissingDependency>
        <Required type="1" schemaName="mspp_webfile" displayName="Arquivo da Web" solution="PowerPages_Apps (1.0.2501.3)">
          <package appName="Power Pages Core Package" version="1.0.2501.142">PowerPages_Core (1.0.2501.142)</package>
        </Required>
        <Dependent type="1" schemaName="systemuser" displayName="Usuário" />
      </MissingDependency>
      <MissingDependency>
        <Required type="1" schemaName="mspp_webform" displayName="Formulário de Várias Etapas" solution="PowerPages_Apps (1.0.2501.3)">
          <package appName="Power Pages Core Package" version="1.0.2501.142">PowerPages_Core (1.0.2501.142)</package>
        </Required>
        <Dependent type="1" schemaName="systemuser" displayName="Usuário" />
      </MissingDependency>
      <MissingDependency>
        <Required type="1" schemaName="mspp_webformmetadata" displayName="Metadados de Formulário de Várias Etapas" solution="PowerPages_Apps (1.0.2501.3)">
          <package appName="Power Pages Core Package" version="1.0.2501.142">PowerPages_Core (1.0.2501.142)</package>
        </Required>
        <Dependent type="1" schemaName="systemuser" displayName="Usuário" />
      </MissingDependency>
      <MissingDependency>
        <Required type="1" schemaName="mspp_webformstep" displayName="Etapa do Formulário" solution="PowerPages_Apps (1.0.2501.3)">
          <package appName="Power Pages Core Package" version="1.0.2501.142">PowerPages_Core (1.0.2501.142)</package>
        </Required>
        <Dependent type="1" schemaName="systemuser" displayName="Usuário" />
      </MissingDependency>
      <MissingDependency>
        <Required type="1" schemaName="mspp_weblink" displayName="Link da Web" solution="PowerPages_Apps (1.0.2501.3)">
          <package appName="Power Pages Core Package" version="1.0.2501.142">PowerPages_Core (1.0.2501.142)</package>
        </Required>
        <Dependent type="1" schemaName="systemuser" displayName="Usuário" />
      </MissingDependency>
      <MissingDependency>
        <Required type="1" schemaName="mspp_weblinkset" displayName="Conjunto de Links da Web" solution="PowerPages_Apps (1.0.2501.3)">
          <package appName="Power Pages Core Package" version="1.0.2501.142">PowerPages_Core (1.0.2501.142)</package>
        </Required>
        <Dependent type="1" schemaName="systemuser" displayName="Usuário" />
      </MissingDependency>
      <MissingDependency>
        <Required type="1" schemaName="mspp_webpage" displayName="Página da Web" solution="PowerPages_Apps (1.0.2501.3)">
          <package appName="Power Pages Core Package" version="1.0.2501.142">PowerPages_Core (1.0.2501.142)</package>
        </Required>
        <Dependent type="1" schemaName="systemuser" displayName="Usuário" />
      </MissingDependency>
      <MissingDependency>
        <Required type="1" schemaName="mspp_webpageaccesscontrolrule" displayName="Regra de Controle de Acesso da Página da Web" solution="PowerPages_Apps (1.0.2501.3)">
          <package appName="Power Pages Core Package" version="1.0.2501.142">PowerPages_Core (1.0.2501.142)</package>
        </Required>
        <Dependent type="1" schemaName="systemuser" displayName="Usuário" />
      </MissingDependency>
      <MissingDependency>
        <Required type="1" schemaName="mspp_webrole" displayName="Função da Web" solution="PowerPages_Apps (1.0.2501.3)">
          <package appName="Power Pages Core Package" version="1.0.2501.142">PowerPages_Core (1.0.2501.142)</package>
        </Required>
        <Dependent type="1" schemaName="systemuser" displayName="Usuário" />
      </MissingDependency>
      <MissingDependency>
        <Required type="1" schemaName="mspp_website" displayName="Site" solution="PowerPages_Apps (1.0.2501.3)">
          <package appName="Power Pages Core Package" version="1.0.2501.142">PowerPages_Core (1.0.2501.142)</package>
        </Required>
        <Dependent type="1" schemaName="systemuser" displayName="Usuário" />
      </MissingDependency>
      <MissingDependency>
        <Required type="1" schemaName="mspp_websiteaccess" displayName="Acesso ao Site" solution="PowerPages_Apps (1.0.2501.3)">
          <package appName="Power Pages Core Package" version="1.0.2501.142">PowerPages_Core (1.0.2501.142)</package>
        </Required>
        <Dependent type="1" schemaName="systemuser" displayName="Usuário" />
      </MissingDependency>
      <MissingDependency>
        <Required type="1" schemaName="mspp_websitelanguage" displayName="Idioma do Site" solution="PowerPages_Apps (1.0.2501.3)">
          <package appName="Power Pages Core Package" version="1.0.2501.142">PowerPages_Core (1.0.2501.142)</package>
        </Required>
        <Dependent type="1" schemaName="systemuser" displayName="Usuário" />
      </MissingDependency>
      <MissingDependency>
        <Required type="1" schemaName="mspp_webtemplate" displayName="Modelo da Web" solution="PowerPages_Apps (1.0.2501.3)">
          <package appName="Power Pages Core Package" version="1.0.2501.142">PowerPages_Core (1.0.2501.142)</package>
        </Required>
        <Dependent type="1" schemaName="systemuser" displayName="Usuário" />
      </MissingDependency>
      <MissingDependency>
        <Required type="1" schemaName="powerpagessiteaifeedback" displayName="Comentários da IA do Site do Power Pages" solution="PowerPages_RuntimeExtensions (1.1.2411.1)">
          <package appName="Power Pages Core Package" version="1.0.2501.142">PowerPages_Core (1.0.2501.142)</package>
        </Required>
        <Dependent type="1" schemaName="contact" displayName="Contato" />
      </MissingDependency>
      <MissingDependency>
        <Required type="1" schemaName="usermobileofflineprofilemembership" displayName="UserMobileOfflineProfileMembership" solution="MobileOfflineMembership (1.0.0.3)">
          <package appName="MobileOfflineExtensionApp Package" version="1.0.0.0">MobileOfflineExtensionApp_Anchor (1.0.0.0)</package>
        </Required>
        <Dependent type="1" schemaName="systemuser" displayName="Usuário" />
      </MissingDependency>
      <MissingDependency>
        <Required type="61" schemaName="msdyn_/Images/AppModule_Default_Icon.png" displayName="msdyn_/Images/AppModule_Default_Icon.png" solution="AppModuleWebResources (2.5)" />
        <Dependent type="80" schemaName="dtz_GestaodeCursos" displayName="Gestão de Cursos" />
      </MissingDependency>
      <MissingDependency>
        <Required type="SettingDefinition" displayName="AppChannel" solution="msdyn_AppFrameworkInfraExtensions (1.0.0.12)" id.uniquename="AppChannel">
          <package appName="PowerAppsAppFramework Package" version="1.0.0.17">PowerAppsAppFramework_Anchor (1.0.0.17)</package>
        </Required>
        <Dependent type="AppSetting" displayName="parentappmoduleid.uniquename=dtz_GestaodeCursos,settingdefinitionid.uniquename=AppChannel" id.parentappmoduleid.uniquename="dtz_GestaodeCursos" id.settingdefinitionid.uniquename="AppChannel" />
      </MissingDependency>
    </MissingDependencies>
  </SolutionManifest>
</ImportExportXml>